symbol,name,date,open,high,low,close,volume
AAPL,AAPL,2012-01-03,409.4,412.5,409.0,411.23,10793600
AAPL,AAPL,2012-01-04,410.0,414.68,409.28,413.44,9286500
AAPL,AAPL,2012-01-05,414.95,418.55,412.67,418.03,9688200
AAPL,AAPL,2012-01-06,419.77,422.75,419.22,422.4,11367600
AAPL,AAPL,2012-01-09,425.5,427.75,421.35,421.73,14072300
AAPL,AAPL,2012-01-10,425.91,426.0,421.5,423.24,9221300
AAPL,AAPL,2012-01-11,422.68,422.85,419.31,422.55,7681600
AAPL,AAPL,2012-01-12,422.28,422.9,418.75,421.39,7592400
AAPL,AAPL,2012-01-13,419.7,420.45,418.66,419.81,8072200
AAPL,AAPL,2012-01-17,424.2,425.99,422.96,424.7,8674900
AAPL,AAPL,2012-01-18,426.96,429.47,426.3,429.11,9885400
AAPL,AAPL,2012-01-19,430.15,431.37,426.51,427.75,9347800
AAPL,AAPL,2012-01-20,427.49,427.5,419.75,420.3,14784800
AAPL,AAPL,2012-01-23,422.67,428.45,422.3,427.41,10930800
AAPL,AAPL,2012-01-24,425.1,425.1,419.55,420.41,19558500
AAPL,AAPL,2012-01-25,454.44,454.45,443.73,446.66,34225500
AAPL,AAPL,2012-01-26,448.36,448.79,443.14,444.63,11570900
AAPL,AAPL,2012-01-27,444.34,448.48,443.77,447.28,10703900
AAPL,AAPL,2012-01-30,445.71,453.9,445.39,453.01,13547900
AAPL,AAPL,2012-01-31,455.59,458.24,453.07,456.48,13988700
AAPL,AAPL,2012-02-01,458.41,458.99,455.55,456.19,9644500
AAPL,AAPL,2012-02-02,455.9,457.17,453.98,455.12,6671300
AAPL,AAPL,2012-02-03,457.3,460.0,455.56,459.68,10235700
AAPL,AAPL,2012-02-06,458.38,464.98,458.2,463.97,8907600
AAPL,AAPL,2012-02-07,465.25,469.75,464.58,468.83,11293700
AAPL,AAPL,2012-02-08,470.5,476.79,469.7,476.68,14567500
AAPL,AAPL,2012-02-09,480.76,496.75,480.56,493.17,31579100
AAPL,AAPL,2012-02-10,490.96,497.62,488.55,493.42,22546500
AAPL,AAPL,2012-02-13,499.53,503.83,497.09,502.6,18472000
AAPL,AAPL,2012-02-14,504.66,509.56,502.0,509.46,16442800
AAPL,AAPL,2012-02-15,514.26,526.29,496.89,497.67,53790000
AAPL,AAPL,2012-02-16,491.5,504.89,486.63,502.21,33734000
AAPL,AAPL,2012-02-17,503.11,507.77,500.3,502.12,19135900
AAPL,AAPL,2012-02-21,506.88,514.85,504.12,514.85,21628400
AAPL,AAPL,2012-02-22,513.08,515.49,509.07,513.04,17260800
AAPL,AAPL,2012-02-23,515.08,517.83,509.5,516.39,20286700
AAPL,AAPL,2012-02-24,519.67,522.9,518.64,522.41,14824000
AAPL,AAPL,2012-02-27,521.31,528.5,516.28,525.76,19556500
AAPL,AAPL,2012-02-28,527.96,535.41,525.85,535.41,21442400
AAPL,AAPL,2012-02-29,541.56,547.61,535.7,542.44,34000400
AAPL,AAPL,2012-03-01,548.17,548.21,538.77,544.47,24402500
AAPL,AAPL,2012-03-02,544.24,546.8,542.52,545.18,15418300
AAPL,AAPL,2012-03-05,545.42,547.48,526.0,533.16,28897300
AAPL,AAPL,2012-03-06,523.66,533.69,516.22,530.26,28937100
AAPL,AAPL,2012-03-07,536.8,537.78,523.3,530.69,28518600
AAPL,AAPL,2012-03-08,534.69,542.99,532.12,541.99,18444900
AAPL,AAPL,2012-03-09,544.21,547.74,543.11,545.17,14961400
AAPL,AAPL,2012-03-12,548.98,552.0,547.0,552.0,14545800
AAPL,AAPL,2012-03-13,557.54,568.18,555.75,568.1,24673400
AAPL,AAPL,2012-03-14,578.05,594.72,575.4,589.58,50673000
AAPL,AAPL,2012-03-15,599.61,600.01,578.55,585.56,41418500
AAPL,AAPL,2012-03-16,584.72,589.2,578.0,585.57,29481700
AAPL,AAPL,2012-03-19,598.37,601.77,589.05,601.1,32187000
AAPL,AAPL,2012-03-20,599.51,606.9,591.48,605.96,29166500
AAPL,AAPL,2012-03-21,602.74,609.65,601.41,602.5,23001500
AAPL,AAPL,2012-03-22,597.78,604.5,595.53,599.34,22281100
AAPL,AAPL,2012-03-23,600.49,601.8,594.4,596.05,15374600
AAPL,AAPL,2012-03-26,599.79,607.15,595.26,606.98,21276500
AAPL,AAPL,2012-03-27,606.18,616.28,606.06,614.48,21683200
AAPL,AAPL,2012-03-28,618.38,621.45,610.31,617.62,23409300
AAPL,AAPL,2012-03-29,612.78,616.56,607.23,609.86,21722800
AAPL,AAPL,2012-03-30,608.77,610.56,597.94,599.55,26108500
AAPL,AAPL,2012-04-02,601.83,618.77,600.38,618.63,21369700
AAPL,AAPL,2012-04-03,627.3,632.21,622.51,629.32,29805700
AAPL,AAPL,2012-04-04,624.35,625.86,617.0,624.31,20463600
AAPL,AAPL,2012-04-05,626.98,634.66,623.4,633.68,22903500
AAPL,AAPL,2012-04-09,626.13,639.84,625.3,636.23,21340600
AAPL,AAPL,2012-04-10,639.93,644.0,626.0,628.44,31775900
AAPL,AAPL,2012-04-11,636.2,636.87,623.34,626.2,24879100
AAPL,AAPL,2012-04-12,625.0,631.33,620.5,622.77,21940600
AAPL,AAPL,2012-04-13,624.11,624.7,603.51,605.23,30701600
AAPL,AAPL,2012-04-16,610.06,610.28,578.25,580.13,37528100
AAPL,AAPL,2012-04-17,578.94,610.0,571.91,609.7,36626000
AAPL,AAPL,2012-04-18,613.72,620.25,602.71,608.34,34090400
AAPL,AAPL,2012-04-19,600.22,604.73,584.52,587.44,29811400
AAPL,AAPL,2012-04-20,591.38,594.62,570.42,572.98,36820900
AAPL,AAPL,2012-04-23,570.61,576.67,556.62,571.7,34518900
AAPL,AAPL,2012-04-24,562.61,567.69,555.0,560.28,38433900
AAPL,AAPL,2012-04-25,615.64,618.0,606.0,610.0,32349200
AAPL,AAPL,2012-04-26,614.27,614.69,602.13,607.7,19145300
AAPL,AAPL,2012-04-27,605.07,606.18,600.5,603.0,14525800
AAPL,AAPL,2012-04-30,597.8,598.4,583.0,583.98,18076600
AAPL,AAPL,2012-05-01,584.9,596.76,581.23,582.13,21821400
AAPL,AAPL,2012-05-02,580.24,587.4,578.86,585.98,15263900
AAPL,AAPL,2012-05-03,590.5,591.4,580.3,581.82,13948200
AAPL,AAPL,2012-05-04,577.08,578.36,565.17,565.25,18928300
AAPL,AAPL,2012-05-07,561.5,572.77,561.23,569.48,16432800
AAPL,AAPL,2012-05-08,569.58,571.5,558.73,568.18,17759000
AAPL,AAPL,2012-05-09,563.7,573.98,560.85,569.18,17168000
AAPL,AAPL,2012-05-10,574.58,575.88,568.44,570.52,11900000
AAPL,AAPL,2012-05-11,565.0,574.47,564.35,566.71,14269500
AAPL,AAPL,2012-05-14,562.57,567.51,557.6,558.22,12593800
AAPL,AAPL,2012-05-15,561.45,563.22,551.75,553.17,17012000
AAPL,AAPL,2012-05-16,554.05,556.89,541.04,546.08,20032000
AAPL,AAPL,2012-05-17,545.31,547.5,530.12,530.12,25615000
AAPL,AAPL,2012-05-18,533.96,543.41,522.18,530.38,26153300
AAPL,AAPL,2012-05-21,534.5,561.54,534.05,561.28,22539500
AAPL,AAPL,2012-05-22,569.55,573.88,552.58,556.97,24816800
AAPL,AAPL,2012-05-23,557.5,572.8,553.23,570.56,20889200
AAPL,AAPL,2012-05-24,575.87,576.5,561.23,565.32,17722500
AAPL,AAPL,2012-05-25,564.59,565.85,558.47,562.29,11732400
AAPL,AAPL,2012-05-29,570.9,574.0,565.31,572.27,13589600
AAPL,AAPL,2012-05-30,569.2,579.99,566.56,579.17,18908200
AAPL,AAPL,2012-05-31,580.74,581.5,571.46,577.73,17559800
AAPL,AAPL,2012-06-01,569.16,572.65,560.52,560.99,18606700
AAPL,AAPL,2012-06-04,561.5,567.5,548.5,564.29,19892700
AAPL,AAPL,2012-06-05,561.27,566.47,558.33,562.83,13864800
AAPL,AAPL,2012-06-06,567.77,573.85,565.5,571.46,14337700
AAPL,AAPL,2012-06-07,577.29,577.32,570.5,571.72,13563100
AAPL,AAPL,2012-06-08,571.6,580.58,569.0,580.32,12411300
AAPL,AAPL,2012-06-11,587.72,588.5,570.63,571.17,21116600
AAPL,AAPL,2012-06-12,574.46,576.62,566.7,576.16,15549300
AAPL,AAPL,2012-06-13,574.52,578.48,570.38,572.16,10485000
AAPL,AAPL,2012-06-14,571.24,573.5,567.26,571.53,12341900
AAPL,AAPL,2012-06-15,571.0,574.62,569.55,574.13,11973400
AAPL,AAPL,2012-06-18,570.96,587.89,570.37,585.78,15729000
AAPL,AAPL,2012-06-19,583.4,590.0,583.1,587.41,12907300
AAPL,AAPL,2012-06-20,588.21,589.25,580.8,585.74,12819400
AAPL,AAPL,2012-06-21,585.44,588.22,577.44,577.67,11655400
AAPL,AAPL,2012-06-22,579.04,582.19,575.42,582.1,10159700
AAPL,AAPL,2012-06-25,577.3,579.8,570.37,570.77,10870800
AAPL,AAPL,2012-06-26,571.33,574.49,567.33,572.03,9876300
AAPL,AAPL,2012-06-27,575.0,576.74,571.92,574.5,7249900
AAPL,AAPL,2012-06-28,571.67,574.0,565.61,569.05,10101300
AAPL,AAPL,2012-06-29,578.0,584.0,574.25,584.0,15053600
AAPL,AAPL,2012-07-02,584.73,593.47,583.6,592.52,14289000
AAPL,AAPL,2012-07-03,594.88,600.0,594.0,599.41,8632600
AAPL,AAPL,2012-07-05,600.56,614.34,599.65,609.94,17299400
AAPL,AAPL,2012-07-06,607.09,608.44,601.58,605.88,14961800
AAPL,AAPL,2012-07-09,605.3,613.9,604.11,613.89,13550200
AAPL,AAPL,2012-07-10,617.97,619.87,605.31,608.21,18284200
AAPL,AAPL,2012-07-11,606.12,607.66,597.22,604.43,16761500
AAPL,AAPL,2012-07-12,600.24,603.47,592.68,598.9,15287200
AAPL,AAPL,2012-07-13,602.95,607.19,600.0,604.97,11122400
AAPL,AAPL,2012-07-16,605.12,611.62,605.02,606.91,10759300
AAPL,AAPL,2012-07-17,610.79,611.5,603.15,606.94,10486600
AAPL,AAPL,2012-07-18,606.59,608.34,603.56,606.26,9025000
AAPL,AAPL,2012-07-19,611.28,615.35,606.0,614.32,15602200
AAPL,AAPL,2012-07-20,613.03,614.44,603.7,604.3,14195400
AAPL,AAPL,2012-07-23,594.4,605.9,587.71,603.83,17427700
AAPL,AAPL,2012-07-24,607.38,609.68,598.51,600.92,20183300
AAPL,AAPL,2012-07-25,574.46,580.8,570.0,574.97,31332600
AAPL,AAPL,2012-07-26,579.76,580.4,570.36,574.88,14522600
AAPL,AAPL,2012-07-27,575.01,585.83,571.59,585.16,14426300
AAPL,AAPL,2012-07-30,590.92,599.44,587.82,595.03,13540800
AAPL,AAPL,2012-07-31,603.23,611.7,602.72,610.76,16511700
AAPL,AAPL,2012-08-01,615.91,616.4,603.0,606.81,13732200
AAPL,AAPL,2012-08-02,602.84,610.69,600.25,607.79,11862800
AAPL,AAPL,2012-08-03,613.63,617.98,611.56,615.7,12318600
AAPL,AAPL,2012-08-06,617.29,624.87,615.26,622.55,10789400
AAPL,AAPL,2012-08-07,622.77,625.0,618.04,620.91,10373100
AAPL,AAPL,2012-08-08,619.39,623.88,617.1,619.86,8739500
AAPL,AAPL,2012-08-09,617.85,621.73,617.8,620.73,7915800
AAPL,AAPL,2012-08-10,618.71,621.76,618.7,621.7,6962100
AAPL,AAPL,2012-08-13,623.39,630.0,623.25,630.0,9958300
AAPL,AAPL,2012-08-14,631.87,638.61,630.21,631.69,12148900
AAPL,AAPL,2012-08-15,631.3,634.0,627.75,630.83,9190800
AAPL,AAPL,2012-08-16,631.21,636.76,630.5,636.34,9090500
AAPL,AAPL,2012-08-17,640.0,648.19,638.81,648.11,15812900
AAPL,AAPL,2012-08-20,650.01,665.15,649.9,665.15,21906600
AAPL,AAPL,2012-08-21,670.82,674.88,650.33,656.06,29025700
AAPL,AAPL,2012-08-22,654.42,669.0,648.11,668.87,20190100
AAPL,AAPL,2012-08-23,666.11,669.9,661.15,662.63,15004600
AAPL,AAPL,2012-08-24,659.51,669.48,655.55,663.22,15619300
AAPL,AAPL,2012-08-27,679.99,680.87,673.54,675.68,15250300
AAPL,AAPL,2012-08-28,674.98,676.1,670.67,674.8,9550600
AAPL,AAPL,2012-08-29,675.25,677.67,672.6,673.47,7243100
AAPL,AAPL,2012-08-30,670.64,671.55,662.85,663.87,10810700
AAPL,AAPL,2012-08-31,667.25,668.6,657.25,665.24,12082900
AAPL,AAPL,2012-09-04,665.76,675.14,664.5,674.97,13139000
AAPL,AAPL,2012-09-05,675.57,676.35,669.6,670.23,12013400
AAPL,AAPL,2012-09-06,673.17,678.29,670.8,676.27,13971300
AAPL,AAPL,2012-09-07,678.05,682.48,675.77,680.44,11773800
AAPL,AAPL,2012-09-10,680.45,683.29,662.1,662.74,17428500
AAPL,AAPL,2012-09-11,665.11,670.1,656.5,660.59,17999400
AAPL,AAPL,2012-09-12,666.85,669.9,656.0,669.79,25436900
AAPL,AAPL,2012-09-13,677.37,685.5,674.77,682.98,21370000
AAPL,AAPL,2012-09-14,689.96,696.98,687.89,691.28,21445500
AAPL,AAPL,2012-09-17,699.35,699.8,694.61,699.78,14215400
AAPL,AAPL,2012-09-18,699.88,702.33,696.42,701.91,13339400
AAPL,AAPL,2012-09-19,700.26,703.99,699.57,702.1,11674100
AAPL,AAPL,2012-09-20,699.16,700.06,693.62,698.7,12020300
AAPL,AAPL,2012-09-21,702.41,705.07,699.36,700.09,20413900
AAPL,AAPL,2012-09-24,686.86,695.12,683.0,690.79,22848800
AAPL,AAPL,2012-09-25,688.26,692.78,673.0,673.54,18528200
AAPL,AAPL,2012-09-26,668.74,672.69,661.2,665.18,20589400
AAPL,AAPL,2012-09-27,664.29,682.17,660.35,681.32,21217500
AAPL,AAPL,2012-09-28,678.75,681.11,666.75,667.1,19111100
AAPL,AAPL,2012-10-01,671.16,676.75,656.5,659.39,19414100
AAPL,AAPL,2012-10-02,661.81,666.35,650.65,661.31,22428300
AAPL,AAPL,2012-10-03,664.86,671.86,662.63,671.45,15152900
AAPL,AAPL,2012-10-04,671.25,674.25,665.55,666.8,13240200
AAPL,AAPL,2012-10-05,665.2,666.0,651.28,652.59,21214500
AAPL,AAPL,2012-10-08,646.88,647.56,636.11,638.17,22785500
AAPL,AAPL,2012-10-09,638.65,640.49,623.55,635.85,29949900
AAPL,AAPL,2012-10-10,639.74,644.98,637.0,640.91,18227000
AAPL,AAPL,2012-10-11,646.5,647.2,628.1,628.1,19502900
AAPL,AAPL,2012-10-12,629.56,635.38,625.3,629.71,16429100
AAPL,AAPL,2012-10-15,632.35,635.13,623.85,634.76,15446500
AAPL,AAPL,2012-10-16,635.37,650.3,631.0,649.79,19634700
AAPL,AAPL,2012-10-17,648.87,652.79,644.0,644.61,13894200
AAPL,AAPL,2012-10-18,639.59,642.06,630.0,632.64,17022300
AAPL,AAPL,2012-10-19,631.05,631.77,609.62,609.84,26574500
AAPL,AAPL,2012-10-22,612.42,635.38,610.76,634.03,19526100
AAPL,AAPL,2012-10-23,631.0,633.9,611.7,613.36,25255200
AAPL,AAPL,2012-10-24,621.44,626.55,610.64,616.83,19947400
AAPL,AAPL,2012-10-25,620.0,622.0,605.55,609.54,23440200
AAPL,AAPL,2012-10-26,609.43,614.0,591.0,604.0,36372600
AAPL,AAPL,2012-10-31,594.88,601.96,587.7,595.32,18214400
AAPL,AAPL,2012-11-01,598.22,603.0,594.17,596.54,12903500
AAPL,AAPL,2012-11-02,595.89,596.95,574.75,576.8,21406200
AAPL,AAPL,2012-11-05,583.52,587.77,577.6,584.62,18897700
AAPL,AAPL,2012-11-06,590.23,590.74,580.09,582.85,13389900
AAPL,AAPL,2012-11-07,573.84,574.54,555.75,558.0,28344600
AAPL,AAPL,2012-11-08,560.63,562.23,535.29,537.75,37719500
AAPL,AAPL,2012-11-09,540.42,554.88,533.72,547.06,33211200
AAPL,AAPL,2012-11-12,554.15,554.5,538.65,542.83,18421500
AAPL,AAPL,2012-11-13,538.91,550.48,536.36,542.9,19033900
AAPL,AAPL,2012-11-14,545.5,547.45,536.18,536.88,17041800
AAPL,AAPL,2012-11-15,537.53,539.5,522.62,525.62,28211100
AAPL,AAPL,2012-11-16,525.2,530.0,505.75,527.68,45246200
AAPL,AAPL,2012-11-19,540.71,567.5,539.88,565.73,29404200
AAPL,AAPL,2012-11-20,571.91,571.95,554.58,560.91,22955500
AAPL,AAPL,2012-11-21,564.25,567.37,556.6,561.7,13321500
AAPL,AAPL,2012-11-23,567.17,572.0,562.6,571.5,9743800
AAPL,AAPL,2012-11-26,575.9,590.0,573.71,589.53,22520700
AAPL,AAPL,2012-11-27,589.55,590.42,580.1,584.78,19047500
AAPL,AAPL,2012-11-28,577.27,585.8,572.26,582.94,18602300
AAPL,AAPL,2012-11-29,590.22,594.25,585.25,589.36,18382100
AAPL,AAPL,2012-11-30,586.79,588.4,582.68,585.28,13975700
AAPL,AAPL,2012-12-03,593.65,594.59,585.5,586.19,13010000
AAPL,AAPL,2012-12-04,581.8,581.8,572.13,575.85,19895300
AAPL,AAPL,2012-12-05,568.91,569.25,538.77,538.79,37308500
AAPL,AAPL,2012-12-06,528.94,553.31,518.63,547.24,42043300
AAPL,AAPL,2012-12-07,553.4,555.2,530.0,533.25,28108600
AAPL,AAPL,2012-12-10,525.0,538.51,521.58,529.82,22517300
AAPL,AAPL,2012-12-11,539.77,549.56,537.37,541.39,21155200
AAPL,AAPL,2012-12-12,547.77,548.0,536.27,539.0,17398000
AAPL,AAPL,2012-12-13,531.15,537.64,525.8,529.69,22330700
AAPL,AAPL,2012-12-14,514.75,518.13,505.58,509.79,36056400
AAPL,AAPL,2012-12-17,508.93,520.0,501.23,518.83,27057400
AAPL,AAPL,2012-12-18,525.0,534.9,520.25,533.9,22345900
AAPL,AAPL,2012-12-19,531.47,533.7,525.5,526.31,16048900
AAPL,AAPL,2012-12-20,530.0,530.2,518.88,521.73,17203200
AAPL,AAPL,2012-12-21,512.47,519.67,510.24,519.33,21295300
AAPL,AAPL,2012-12-24,520.35,524.25,518.71,520.17,6276900
AAPL,AAPL,2012-12-26,519.0,519.46,511.12,513.0,10801300
AAPL,AAPL,2012-12-27,513.54,516.25,504.66,515.06,16254300
AAPL,AAPL,2012-12-28,510.29,514.48,508.12,509.59,12652800
AAPL,AAPL,2012-12-31,510.53,535.4,509.0,532.17,23553300
IBM,IBM,2012-01-03,186.73,188.71,186.0,186.3,5646000
IBM,IBM,2012-01-04,185.57,186.33,184.94,185.54,4346700
IBM,IBM,2012-01-05,184.81,185.03,183.1,184.66,4463100
IBM,IBM,2012-01-06,184.39,184.48,182.31,182.54,4897100
IBM,IBM,2012-01-09,182.2,182.27,180.27,181.59,5201200
IBM,IBM,2012-01-10,183.23,183.72,181.2,181.31,5161000
IBM,IBM,2012-01-11,180.73,182.81,180.5,182.32,4110800
IBM,IBM,2012-01-12,181.86,181.91,178.38,180.55,6881000
IBM,IBM,2012-01-13,179.48,179.61,177.35,179.16,5279200
IBM,IBM,2012-01-17,180.36,182.0,179.32,180.0,6003400
IBM,IBM,2012-01-18,179.83,181.6,179.5,181.07,4600600
IBM,IBM,2012-01-19,181.79,182.36,180.35,180.52,8567200
IBM,IBM,2012-01-20,185.77,188.97,184.75,188.52,12849700
IBM,IBM,2012-01-23,187.91,190.52,187.67,189.98,5751700
IBM,IBM,2012-01-24,188.63,192.3,188.52,191.93,5345700
IBM,IBM,2012-01-25,191.33,192.24,189.61,191.73,4359700
IBM,IBM,2012-01-26,191.79,192.79,190.47,190.98,4004700
IBM,IBM,2012-01-27,190.01,191.77,189.81,190.46,3360400
IBM,IBM,2012-01-30,189.39,192.73,188.22,192.5,4359000
IBM,IBM,2012-01-31,193.09,193.1,191.0,192.6,4826800
IBM,IBM,2012-02-01,193.21,194.81,192.41,192.62,5088800
IBM,IBM,2012-02-02,192.72,193.33,191.33,191.53,3907300
IBM,IBM,2012-02-03,192.93,194.13,192.54,193.64,4521700
IBM,IBM,2012-02-06,192.48,193.76,192.0,192.82,3639800
IBM,IBM,2012-02-07,192.45,194.14,191.97,193.35,3433000
IBM,IBM,2012-02-08,192.78,193.58,191.73,192.95,3803800
IBM,IBM,2012-02-09,193.03,194.46,192.55,193.13,3876400
IBM,IBM,2012-02-10,191.76,192.43,191.28,192.42,3391100
IBM,IBM,2012-02-13,193.31,193.69,191.74,192.62,2458800
IBM,IBM,2012-02-14,191.76,192.6,190.83,192.22,3398100
IBM,IBM,2012-02-15,192.31,193.44,191.26,192.25,4020900
IBM,IBM,2012-02-16,192.61,193.25,192.0,193.02,3525500
IBM,IBM,2012-02-17,193.71,193.86,192.3,193.42,3746500
IBM,IBM,2012-02-21,193.73,194.24,192.46,193.39,3293600
IBM,IBM,2012-02-22,193.03,194.74,192.75,193.87,3275800
IBM,IBM,2012-02-23,193.87,199.23,193.28,197.61,8032700
IBM,IBM,2012-02-24,198.38,198.56,196.61,197.76,3353200
IBM,IBM,2012-02-27,196.78,198.71,196.1,197.53,3758400
IBM,IBM,2012-02-28,197.75,198.96,197.43,197.98,3167400
IBM,IBM,2012-02-29,197.86,199.17,196.45,196.73,5117100
IBM,IBM,2012-03-01,197.23,198.47,196.93,197.53,3560300
IBM,IBM,2012-03-02,197.1,198.89,197.06,198.81,3727400
IBM,IBM,2012-03-05,198.36,201.19,198.3,200.66,6938000
IBM,IBM,2012-03-06,199.14,199.64,196.81,197.26,5214700
IBM,IBM,2012-03-07,198.09,198.57,197.31,197.77,3346900
IBM,IBM,2012-03-08,199.24,199.99,198.65,199.81,3145800
IBM,IBM,2012-03-09,199.98,201.1,199.72,200.62,3178200
IBM,IBM,2012-03-12,200.93,201.57,200.23,201.0,3119700
IBM,IBM,2012-03-13,201.72,203.9,201.61,203.78,4866000
IBM,IBM,2012-03-14,203.78,205.15,203.64,204.72,4602300
IBM,IBM,2012-03-15,204.94,206.18,204.74,206.0,3621100
IBM,IBM,2012-03-16,207.03,207.52,206.01,206.01,9637000
IBM,IBM,2012-03-19,205.71,206.53,204.5,205.72,3763200
IBM,IBM,2012-03-20,204.74,205.0,203.7,204.25,3695100
IBM,IBM,2012-03-21,204.32,205.77,204.3,204.69,3329900
IBM,IBM,2012-03-22,204.0,205.99,203.96,205.49,3307800
IBM,IBM,2012-03-23,205.89,205.96,204.56,205.48,3036200
IBM,IBM,2012-03-26,206.45,207.92,206.32,207.77,3418200
IBM,IBM,2012-03-27,208.46,208.66,207.0,207.18,2704500
IBM,IBM,2012-03-28,207.44,208.69,206.27,207.29,3265700
IBM,IBM,2012-03-29,206.09,208.5,206.02,208.27,3403700
IBM,IBM,2012-03-30,208.74,209.12,208.01,208.65,3215200
IBM,IBM,2012-04-02,208.96,209.69,208.09,209.47,3387900
IBM,IBM,2012-04-03,209.31,210.69,208.54,209.5,4091500
IBM,IBM,2012-04-04,206.22,206.98,205.19,206.05,4404000
IBM,IBM,2012-04-05,205.15,205.68,204.46,205.47,3809000
IBM,IBM,2012-04-09,204.4,206.17,203.37,204.94,3326900
IBM,IBM,2012-04-10,204.94,205.74,202.17,202.33,4132900
IBM,IBM,2012-04-11,203.99,204.32,202.46,202.58,3366200
IBM,IBM,2012-04-12,202.8,205.56,202.64,205.32,2929600
IBM,IBM,2012-04-13,204.32,204.65,202.8,202.8,3767000
IBM,IBM,2012-04-16,204.74,205.97,202.72,202.72,3826600
IBM,IBM,2012-04-17,204.57,207.64,204.15,207.45,6065500
IBM,IBM,2012-04-18,202.43,204.07,200.0,200.13,10153500
IBM,IBM,2012-04-19,200.03,201.26,197.52,199.51,5762900
IBM,IBM,2012-04-20,199.83,200.12,199.09,199.6,4758200
IBM,IBM,2012-04-23,197.89,199.1,196.79,198.62,3618800
IBM,IBM,2012-04-24,199.06,202.48,198.87,200.0,5626300
IBM,IBM,2012-04-25,202.02,203.69,201.8,203.57,4003400
IBM,IBM,2012-04-26,203.4,206.21,203.4,205.58,3302700
IBM,IBM,2012-04-27,206.47,208.17,205.91,206.81,3496900
IBM,IBM,2012-04-30,206.71,207.96,206.32,207.08,2773200
IBM,IBM,2012-05-01,207.18,208.93,206.71,208.0,2715900
IBM,IBM,2012-05-02,206.97,208.27,206.91,208.06,2360300
IBM,IBM,2012-05-03,208.27,208.92,206.55,207.24,2826600
IBM,IBM,2012-05-04,206.47,207.11,204.4,204.99,4023600
IBM,IBM,2012-05-07,203.96,204.77,202.9,203.75,3373400
IBM,IBM,2012-05-08,202.44,203.06,199.72,201.48,3881500
IBM,IBM,2012-05-09,199.99,203.0,199.06,201.23,3742500
IBM,IBM,2012-05-10,201.0,203.25,200.02,200.6,3830500
IBM,IBM,2012-05-11,199.96,202.12,199.95,201.17,2391500
IBM,IBM,2012-05-14,199.92,200.71,198.56,199.44,3029200
IBM,IBM,2012-05-15,199.44,201.47,198.76,199.04,2987400
IBM,IBM,2012-05-16,199.42,201.35,198.18,199.73,5001000
IBM,IBM,2012-05-17,199.67,200.79,197.64,197.89,5626300
IBM,IBM,2012-05-18,198.78,198.78,195.16,195.88,5737100
IBM,IBM,2012-05-21,195.98,197.93,194.63,197.76,3831700
IBM,IBM,2012-05-22,198.04,198.26,196.06,196.82,3567100
IBM,IBM,2012-05-23,195.53,196.49,193.2,196.12,4100000
IBM,IBM,2012-05-24,195.99,196.28,194.0,196.09,3569300
IBM,IBM,2012-05-25,195.11,196.0,194.0,194.3,2901900
IBM,IBM,2012-05-29,195.22,198.08,195.22,196.46,3618500
IBM,IBM,2012-05-30,194.8,195.47,193.77,194.53,3602500
IBM,IBM,2012-05-31,194.1,194.93,192.0,192.9,9287500
IBM,IBM,2012-06-01,190.12,191.72,188.6,189.08,5206400
IBM,IBM,2012-06-04,188.34,189.38,187.0,188.54,4624500
IBM,IBM,2012-06-05,187.92,189.85,187.56,189.2,3556500
IBM,IBM,2012-06-06,190.78,194.0,190.02,193.99,3641300
IBM,IBM,2012-06-07,195.28,195.83,193.94,194.44,3701100
IBM,IBM,2012-06-08,193.71,195.14,192.7,195.14,2479200
IBM,IBM,2012-06-11,196.6,196.7,192.37,192.51,3273300
IBM,IBM,2012-06-12,192.14,194.67,192.14,194.55,3023700
IBM,IBM,2012-06-13,194.36,195.19,192.35,193.1,4113400
IBM,IBM,2012-06-14,193.0,195.83,192.74,195.1,3585000
IBM,IBM,2012-06-15,196.08,199.27,195.4,199.1,6389000
IBM,IBM,2012-06-18,197.57,199.64,197.17,198.29,3378900
IBM,IBM,2012-06-19,198.83,199.99,198.8,198.93,3297600
IBM,IBM,2012-06-20,198.7,199.74,197.5,198.78,3378200
IBM,IBM,2012-06-21,199.07,199.45,193.19,193.39,4316600
IBM,IBM,2012-06-22,193.87,194.88,193.22,193.7,8823000
IBM,IBM,2012-06-25,192.48,193.39,191.68,192.86,3211600
IBM,IBM,2012-06-26,193.54,193.68,190.75,191.95,3435900
IBM,IBM,2012-06-27,192.14,193.7,190.9,193.0,2762700
IBM,IBM,2012-06-28,191.23,192.08,188.9,191.4,3967300
IBM,IBM,2012-06-29,194.55,195.81,192.41,195.58,5259600
IBM,IBM,2012-07-02,196.36,197.2,194.85,195.83,2827000
IBM,IBM,2012-07-03,195.46,196.34,194.91,195.93,1450400
IBM,IBM,2012-07-05,194.88,196.85,193.63,195.29,2690200
IBM,IBM,2012-07-06,193.92,193.94,189.74,191.41,4952900
IBM,IBM,2012-07-09,190.76,191.0,188.05,189.67,3988100
IBM,IBM,2012-07-10,190.3,191.14,185.6,186.26,4690300
IBM,IBM,2012-07-11,186.22,187.36,183.51,185.25,5456100
IBM,IBM,2012-07-12,184.25,184.39,181.85,183.09,4931300
IBM,IBM,2012-07-13,183.46,186.33,183.03,186.01,3933000
IBM,IBM,2012-07-16,185.58,186.1,184.58,184.79,3144400
IBM,IBM,2012-07-17,185.73,186.29,183.2,183.65,5158600
IBM,IBM,2012-07-18,184.15,188.59,183.55,188.25,8019500
IBM,IBM,2012-07-19,193.4,196.85,192.97,195.34,10395400
IBM,IBM,2012-07-20,194.09,194.9,192.17,192.45,4789700
IBM,IBM,2012-07-23,189.78,191.3,188.2,190.83,3904500
IBM,IBM,2012-07-24,190.92,191.32,188.56,190.34,3597100
IBM,IBM,2012-07-25,190.31,192.77,189.32,191.08,3833800
IBM,IBM,2012-07-26,193.49,194.95,192.57,193.95,3282900
IBM,IBM,2012-07-27,195.1,197.41,193.95,196.39,4177300
IBM,IBM,2012-07-30,196.32,197.84,195.92,196.68,2787000
IBM,IBM,2012-07-31,196.5,197.58,195.88,195.98,3507000
IBM,IBM,2012-08-01,196.96,197.85,194.72,195.18,2559300
IBM,IBM,2012-08-02,194.16,196.6,193.02,194.45,2812600
IBM,IBM,2012-08-03,196.48,198.95,196.16,198.52,3278100
IBM,IBM,2012-08-06,198.76,199.94,198.52,198.76,2337800
IBM,IBM,2012-08-07,199.43,200.88,198.8,199.93,3209400
IBM,IBM,2012-08-08,198.27,199.69,198.16,199.03,2068300
IBM,IBM,2012-08-09,198.62,199.46,197.89,198.42,2160100
IBM,IBM,2012-08-10,197.87,199.37,197.24,199.29,2600500
IBM,IBM,2012-08-13,198.88,199.98,197.79,199.01,2418300
IBM,IBM,2012-08-14,198.88,199.33,197.72,198.29,2562300
IBM,IBM,2012-08-15,198.9,199.33,197.92,198.4,2111800
IBM,IBM,2012-08-16,198.77,201.32,198.12,200.84,2729500
IBM,IBM,2012-08-17,201.08,202.0,200.66,201.22,2551800
IBM,IBM,2012-08-20,200.69,201.13,200.03,200.5,2336000
IBM,IBM,2012-08-21,200.99,201.0,198.37,198.65,3111300
IBM,IBM,2012-08-22,198.64,198.65,196.9,197.25,3296100
IBM,IBM,2012-08-23,197.04,197.37,195.44,195.7,2757400
IBM,IBM,2012-08-24,194.96,198.11,194.2,197.77,2639500
IBM,IBM,2012-08-27,197.96,198.3,195.61,195.69,2498800
IBM,IBM,2012-08-28,195.56,196.11,194.5,194.87,2539200
IBM,IBM,2012-08-29,195.13,196.04,194.9,195.08,2141400
IBM,IBM,2012-08-30,194.77,195.47,193.18,193.37,2740900
IBM,IBM,2012-08-31,194.31,195.95,193.46,194.85,3193300
IBM,IBM,2012-09-04,196.61,197.17,193.25,194.54,4514400
IBM,IBM,2012-09-05,194.41,195.85,193.89,195.04,3312500
IBM,IBM,2012-09-06,196.26,199.46,196.11,199.1,3931700
IBM,IBM,2012-09-07,199.12,199.5,198.08,199.5,3413700
IBM,IBM,2012-09-10,199.39,201.82,198.73,200.95,4208000
IBM,IBM,2012-09-11,200.55,203.46,200.51,203.27,3910600
IBM,IBM,2012-09-12,203.52,204.65,202.96,203.77,3284000
IBM,IBM,2012-09-13,204.38,206.81,203.46,206.36,3879600
IBM,IBM,2012-09-14,206.24,207.65,206.05,206.81,4057100
IBM,IBM,2012-09-17,205.55,207.99,205.55,207.15,3275100
IBM,IBM,2012-09-18,206.88,207.88,206.48,207.07,2476100
IBM,IBM,2012-09-19,207.55,207.57,206.01,206.43,2605600
IBM,IBM,2012-09-20,205.85,206.99,205.3,206.18,3739100
IBM,IBM,2012-09-21,207.36,207.94,205.92,205.98,12771500
IBM,IBM,2012-09-24,205.02,206.06,204.9,205.29,3511100
IBM,IBM,2012-09-25,205.6,207.32,204.95,204.98,3345200
IBM,IBM,2012-09-26,205.05,205.98,203.9,204.0,3423300
IBM,IBM,2012-09-27,204.37,206.9,204.14,205.91,2771900
IBM,IBM,2012-09-28,205.66,208.32,205.31,207.45,4910900
IBM,IBM,2012-10-01,208.01,211.75,207.94,210.47,5456900
IBM,IBM,2012-10-02,210.96,211.47,208.5,209.84,3321000
IBM,IBM,2012-10-03,209.94,211.3,209.3,210.51,3192300
IBM,IBM,2012-10-04,210.28,210.97,208.53,210.39,2957500
IBM,IBM,2012-10-05,211.15,211.79,210.06,210.59,2858400
IBM,IBM,2012-10-08,210.02,210.64,209.21,209.82,1982600
IBM,IBM,2012-10-09,209.95,210.74,207.7,207.99,3580400
IBM,IBM,2012-10-10,207.82,208.23,205.05,205.82,4024500
IBM,IBM,2012-10-11,206.57,207.27,205.63,205.76,2910000
IBM,IBM,2012-10-12,205.64,207.96,205.56,207.8,2712000
IBM,IBM,2012-10-15,208.88,209.4,207.82,208.93,3060900
IBM,IBM,2012-10-16,209.94,211.0,209.47,211.0,5632100
IBM,IBM,2012-10-17,201.21,203.41,198.55,200.63,12673900
IBM,IBM,2012-10-18,199.91,200.14,194.07,194.96,9295900
IBM,IBM,2012-10-19,195.29,196.08,193.18,193.36,6620300
IBM,IBM,2012-10-22,193.71,194.68,192.44,194.4,4402500
IBM,IBM,2012-10-23,193.53,194.0,190.94,191.25,4427400
IBM,IBM,2012-10-24,192.44,193.29,190.56,190.72,3738000
IBM,IBM,2012-10-25,191.41,192.44,190.71,191.6,3249600
IBM,IBM,2012-10-26,191.49,193.87,191.47,193.27,4006500
IBM,IBM,2012-10-31,194.8,196.41,193.63,194.53,6052300
IBM,IBM,2012-11-01,194.68,197.89,194.55,197.15,3758800
IBM,IBM,2012-11-02,197.53,198.0,193.29,193.43,4260100
IBM,IBM,2012-11-05,192.36,194.97,192.01,194.14,2736200
IBM,IBM,2012-11-06,195.26,196.75,194.68,195.07,3281000
IBM,IBM,2012-11-07,193.36,193.68,191.16,191.16,4746200
IBM,IBM,2012-11-08,191.4,191.81,190.09,190.1,3542200
IBM,IBM,2012-11-09,189.85,191.64,188.88,189.64,3671600
IBM,IBM,2012-11-12,190.03,190.77,187.41,189.25,3067400
IBM,IBM,2012-11-13,188.39,190.88,188.25,188.32,3406700
IBM,IBM,2012-11-14,189.14,189.27,185.28,185.51,4404400
IBM,IBM,2012-11-15,185.83,187.2,184.78,185.85,3411700
IBM,IBM,2012-11-16,186.33,187.56,185.1,186.94,4660800
IBM,IBM,2012-11-19,188.62,190.39,188.3,190.35,3588900
IBM,IBM,2012-11-20,189.88,190.11,188.25,189.2,3170200
IBM,IBM,2012-11-21,189.3,190.89,188.95,190.29,5189600
IBM,IBM,2012-11-23,191.0,193.49,190.8,193.49,3877600
IBM,IBM,2012-11-26,192.45,193.37,191.77,192.88,5210300
IBM,IBM,2012-11-27,192.08,193.05,191.0,191.23,3290900
IBM,IBM,2012-11-28,190.98,192.04,189.27,191.98,3603600
IBM,IBM,2012-11-29,192.75,192.9,190.2,191.53,4077900
IBM,IBM,2012-11-30,191.75,192.0,189.5,190.07,4936400
IBM,IBM,2012-12-03,190.76,191.3,188.36,189.48,3349600
IBM,IBM,2012-12-04,189.71,190.75,189.02,189.36,3990700
IBM,IBM,2012-12-05,189.01,189.46,186.94,188.65,4202100
IBM,IBM,2012-12-06,189.17,190.18,188.41,189.7,3216600
IBM,IBM,2012-12-07,190.14,192.2,190.11,191.95,4091300
IBM,IBM,2012-12-10,192.17,193.54,191.65,192.62,3438500
IBM,IBM,2012-12-11,193.18,194.8,193.15,194.2,4144000
IBM,IBM,2012-12-12,194.6,194.75,192.46,192.95,4241900
IBM,IBM,2012-12-13,192.18,193.05,191.37,191.99,3623200
IBM,IBM,2012-12-14,191.69,193.4,191.26,191.76,3826900
IBM,IBM,2012-12-17,191.76,193.91,191.76,193.62,3792400
IBM,IBM,2012-12-18,193.85,195.92,193.84,195.69,4125900
IBM,IBM,2012-12-19,195.46,196.45,195.0,195.08,4270500
IBM,IBM,2012-12-20,194.47,194.95,193.16,194.77,4184500
IBM,IBM,2012-12-21,193.1,194.5,191.57,193.42,8225300
IBM,IBM,2012-12-24,193.05,193.83,192.02,192.4,1631200
IBM,IBM,2012-12-26,192.21,193.53,190.95,191.95,2776500
IBM,IBM,2012-12-27,191.53,193.28,190.7,192.71,3967600
IBM,IBM,2012-12-28,191.11,192.22,189.83,189.83,3536600
IBM,IBM,2012-12-31,189.23,191.68,188.84,191.55,4684900
MSFT,MSFT,2012-01-03,26.55,26.96,26.39,26.77,64731500
MSFT,MSFT,2012-01-04,26.82,27.47,26.78,27.4,80516100
MSFT,MSFT,2012-01-05,27.38,27.73,27.29,27.68,56081400
MSFT,MSFT,2012-01-06,27.53,28.19,27.53,28.11,99455500
MSFT,MSFT,2012-01-09,28.05,28.1,27.72,27.74,59706800
MSFT,MSFT,2012-01-10,27.93,28.15,27.75,27.84,60014400
MSFT,MSFT,2012-01-11,27.43,27.98,27.37,27.72,65582400
MSFT,MSFT,2012-01-12,27.87,28.02,27.65,28.0,49370800
MSFT,MSFT,2012-01-13,27.93,28.25,27.79,28.25,60196100
MSFT,MSFT,2012-01-17,28.4,28.65,28.17,28.26,72395300
MSFT,MSFT,2012-01-18,28.31,28.4,27.97,28.23,64860600
MSFT,MSFT,2012-01-19,28.16,28.44,28.03,28.12,74053500
MSFT,MSFT,2012-01-20,28.82,29.74,28.75,29.71,165902900
MSFT,MSFT,2012-01-23,29.55,29.95,29.35,29.73,76078100
MSFT,MSFT,2012-01-24,29.47,29.57,29.18,29.34,51703300
MSFT,MSFT,2012-01-25,29.07,29.65,29.07,29.56,59231700
MSFT,MSFT,2012-01-26,29.61,29.7,29.4,29.5,49102800
MSFT,MSFT,2012-01-27,29.45,29.53,29.17,29.23,44187700
MSFT,MSFT,2012-01-30,28.97,29.62,28.83,29.61,51114800
MSFT,MSFT,2012-01-31,29.66,29.7,29.23,29.53,50572400
MSFT,MSFT,2012-02-01,29.79,30.05,29.76,29.89,67409900
MSFT,MSFT,2012-02-02,29.9,30.17,29.71,29.95,52223300
MSFT,MSFT,2012-02-03,30.14,30.4,30.09,30.24,41838500
MSFT,MSFT,2012-02-06,30.04,30.22,29.97,30.2,28039700
MSFT,MSFT,2012-02-07,30.15,30.49,30.05,30.35,39242400
MSFT,MSFT,2012-02-08,30.26,30.67,30.22,30.66,49659100
MSFT,MSFT,2012-02-09,30.68,30.8,30.48,30.77,50481600
MSFT,MSFT,2012-02-10,30.64,30.8,30.36,30.5,44605300
MSFT,MSFT,2012-02-13,30.63,30.77,30.43,30.58,33319800
MSFT,MSFT,2012-02-14,30.33,30.46,29.85,30.25,59644000
MSFT,MSFT,2012-02-15,30.33,30.39,30.03,30.05,43311300
MSFT,MSFT,2012-02-16,30.31,31.55,30.3,31.29,94705100
MSFT,MSFT,2012-02-17,31.2,31.32,30.95,31.25,70036500
MSFT,MSFT,2012-02-21,31.18,31.61,31.15,31.44,50829900
MSFT,MSFT,2012-02-22,31.45,31.68,31.18,31.27,49253200
MSFT,MSFT,2012-02-23,31.2,31.59,31.0,31.37,35034700
MSFT,MSFT,2012-02-24,31.48,31.5,31.24,31.48,35575400
MSFT,MSFT,2012-02-27,31.24,31.5,31.1,31.35,34568400
MSFT,MSFT,2012-02-28,31.41,31.93,31.38,31.87,45230600
MSFT,MSFT,2012-02-29,31.89,32.0,31.61,31.74,59323600
MSFT,MSFT,2012-03-01,31.93,32.39,31.85,32.29,77344100
MSFT,MSFT,2012-03-02,32.31,32.44,32.0,32.08,47314200
MSFT,MSFT,2012-03-05,32.01,32.05,31.62,31.8,45240000
MSFT,MSFT,2012-03-06,31.54,31.98,31.49,31.56,51932900
MSFT,MSFT,2012-03-07,31.67,31.92,31.53,31.84,34340400
MSFT,MSFT,2012-03-08,32.04,32.21,31.9,32.01,36747400
MSFT,MSFT,2012-03-09,32.1,32.16,31.92,31.99,34628400
MSFT,MSFT,2012-03-12,31.97,32.2,31.82,32.04,34073600
MSFT,MSFT,2012-03-13,32.24,32.69,32.15,32.67,48951700
MSFT,MSFT,2012-03-14,32.53,32.88,32.49,32.77,41986900
MSFT,MSFT,2012-03-15,32.79,32.94,32.58,32.85,49068300
MSFT,MSFT,2012-03-16,32.91,32.95,32.5,32.6,65626400
MSFT,MSFT,2012-03-19,32.54,32.61,32.15,32.2,44789200
MSFT,MSFT,2012-03-20,32.1,32.15,31.74,31.99,41566800
MSFT,MSFT,2012-03-21,31.96,32.15,31.82,31.91,37928600
MSFT,MSFT,2012-03-22,31.81,32.09,31.79,32.0,31749500
MSFT,MSFT,2012-03-23,32.1,32.11,31.72,32.01,35912200
MSFT,MSFT,2012-03-26,32.19,32.61,32.15,32.59,36758300
MSFT,MSFT,2012-03-27,32.65,32.7,32.4,32.52,36274900
MSFT,MSFT,2012-03-28,32.52,32.7,32.04,32.19,41344800
MSFT,MSFT,2012-03-29,32.06,32.19,31.81,32.12,37038500
MSFT,MSFT,2012-03-30,32.4,32.41,32.04,32.26,31749400
MSFT,MSFT,2012-04-02,32.22,32.46,31.95,32.29,35853600
MSFT,MSFT,2012-04-03,32.16,32.19,31.66,31.94,42752100
MSFT,MSFT,2012-04-04,31.66,31.69,31.05,31.21,49455900
MSFT,MSFT,2012-04-05,31.15,31.63,31.05,31.52,50368600
MSFT,MSFT,2012-04-09,31.22,31.4,30.97,31.1,31056400
MSFT,MSFT,2012-04-10,31.06,31.19,30.3,30.47,54131300
MSFT,MSFT,2012-04-11,30.43,30.53,30.23,30.35,43014000
MSFT,MSFT,2012-04-12,30.48,31.04,30.42,30.98,38304000
MSFT,MSFT,2012-04-13,30.89,31.16,30.72,30.81,39749200
MSFT,MSFT,2012-04-16,30.99,31.19,30.77,31.08,38124800
MSFT,MSFT,2012-04-17,31.27,31.61,31.2,31.44,34361500
MSFT,MSFT,2012-04-18,31.28,31.31,31.04,31.14,40552900
MSFT,MSFT,2012-04-19,31.13,31.68,30.94,31.01,54781200
MSFT,MSFT,2012-04-20,32.15,32.89,32.05,32.42,106045000
MSFT,MSFT,2012-04-23,32.31,32.5,32.03,32.12,61398200
MSFT,MSFT,2012-04-24,32.21,32.52,31.83,31.92,40871100
MSFT,MSFT,2012-04-25,31.92,32.32,31.87,32.2,62495500
MSFT,MSFT,2012-04-26,32.12,32.23,31.92,32.11,40308100
MSFT,MSFT,2012-04-27,32.12,32.22,31.88,31.98,41419100
MSFT,MSFT,2012-04-30,31.98,32.11,31.92,32.02,35697200
MSFT,MSFT,2012-05-01,32.05,32.34,31.95,32.01,43832300
MSFT,MSFT,2012-05-02,31.85,31.93,31.64,31.8,37385300
MSFT,MSFT,2012-05-03,31.88,31.9,31.61,31.76,31501300
MSFT,MSFT,2012-05-04,31.45,31.57,30.92,30.98,57927200
MSFT,MSFT,2012-05-07,30.7,30.86,30.57,30.65,48641400
MSFT,MSFT,2012-05-08,30.48,30.78,30.17,30.5,46328300
MSFT,MSFT,2012-05-09,30.19,30.83,30.1,30.76,50309300
MSFT,MSFT,2012-05-10,30.86,31.02,30.45,30.74,43839200
MSFT,MSFT,2012-05-11,30.69,31.54,30.69,31.16,43459300
MSFT,MSFT,2012-05-14,30.82,31.04,30.64,30.68,40528900
MSFT,MSFT,2012-05-15,30.64,30.8,30.15,30.21,61822800
MSFT,MSFT,2012-05-16,30.31,30.32,29.74,29.9,60083700
MSFT,MSFT,2012-05-17,29.99,30.21,29.71,29.72,48484000
MSFT,MSFT,2012-05-18,29.79,29.81,29.17,29.27,56205300
MSFT,MSFT,2012-05-21,29.1,29.79,29.06,29.75,38787900
MSFT,MSFT,2012-05-22,29.69,29.88,29.5,29.76,39504900
MSFT,MSFT,2012-05-23,29.35,29.4,28.64,29.11,65171000
MSFT,MSFT,2012-05-24,29.16,29.3,28.76,29.07,52575000
MSFT,MSFT,2012-05-25,29.2,29.36,29.01,29.06,29507200
MSFT,MSFT,2012-05-29,29.38,29.72,29.22,29.56,37758800
MSFT,MSFT,2012-05-30,29.35,29.48,29.12,29.34,41585500
MSFT,MSFT,2012-05-31,29.3,29.42,28.94,29.19,39134000
MSFT,MSFT,2012-06-01,28.76,28.96,28.44,28.45,56634300
MSFT,MSFT,2012-06-04,28.62,28.78,28.32,28.55,47926300
MSFT,MSFT,2012-06-05,28.51,28.75,28.39,28.51,45715400
MSFT,MSFT,2012-06-06,28.88,29.37,28.81,29.35,46860500
MSFT,MSFT,2012-06-07,29.64,29.7,29.17,29.23,37792800
MSFT,MSFT,2012-06-08,29.21,29.68,29.05,29.65,42551100
MSFT,MSFT,2012-06-11,29.73,29.81,28.82,28.9,46361900
MSFT,MSFT,2012-06-12,29.1,29.3,28.84,29.29,35337900
MSFT,MSFT,2012-06-13,29.22,29.44,29.05,29.13,32984600
MSFT,MSFT,2012-06-14,29.33,29.46,28.88,29.34,39458900
MSFT,MSFT,2012-06-15,29.59,30.08,29.49,30.02,62314400
MSFT,MSFT,2012-06-18,29.99,30.03,29.71,29.84,58679900
MSFT,MSFT,2012-06-19,30.19,31.11,30.05,30.7,75725800
MSFT,MSFT,2012-06-20,30.93,31.05,30.64,30.93,36257100
MSFT,MSFT,2012-06-21,30.96,31.14,30.06,30.14,48456600
MSFT,MSFT,2012-06-22,30.3,30.73,30.03,30.7,45098100
MSFT,MSFT,2012-06-25,30.3,30.32,29.62,29.87,42217200
MSFT,MSFT,2012-06-26,30.0,30.27,29.94,30.02,38421300
MSFT,MSFT,2012-06-27,30.19,30.5,30.03,30.17,33781700
MSFT,MSFT,2012-06-28,29.98,30.05,29.42,29.91,45328400
MSFT,MSFT,2012-06-29,30.45,30.69,30.14,30.59,55227200
MSFT,MSFT,2012-07-02,30.62,30.62,30.21,30.56,30589100
MSFT,MSFT,2012-07-03,30.23,30.76,30.17,30.76,20938100
MSFT,MSFT,2012-07-05,30.59,30.78,30.38,30.7,28801900
MSFT,MSFT,2012-07-06,30.61,30.7,29.95,30.19,38294800
MSFT,MSFT,2012-07-09,30.12,30.23,29.78,30.0,30680800
MSFT,MSFT,2012-07-10,30.08,30.22,29.51,29.74,37534100
MSFT,MSFT,2012-07-11,29.71,29.74,29.11,29.3,39184900
MSFT,MSFT,2012-07-12,29.15,29.18,28.54,28.63,63523600
MSFT,MSFT,2012-07-13,28.76,29.48,28.72,29.39,39085000
MSFT,MSFT,2012-07-16,29.48,29.53,29.04,29.44,27900600
MSFT,MSFT,2012-07-17,29.64,29.86,29.2,29.66,33771300
MSFT,MSFT,2012-07-18,29.6,30.45,29.46,30.45,41090400
MSFT,MSFT,2012-07-19,30.51,30.8,30.38,30.67,46663200
MSFT,MSFT,2012-07-20,31.0,31.05,30.05,30.12,64021700
MSFT,MSFT,2012-07-23,29.57,29.58,29.01,29.28,55151900
MSFT,MSFT,2012-07-24,29.24,29.36,28.9,29.15,47723300
MSFT,MSFT,2012-07-25,29.24,29.33,28.78,28.83,45579500
MSFT,MSFT,2012-07-26,29.23,29.5,29.09,29.16,45301400
MSFT,MSFT,2012-07-27,29.48,29.85,29.18,29.76,44242600
MSFT,MSFT,2012-07-30,29.75,29.82,29.46,29.64,28905000
MSFT,MSFT,2012-07-31,29.48,29.71,29.33,29.47,37620900
MSFT,MSFT,2012-08-01,29.59,29.65,29.21,29.41,31721800
MSFT,MSFT,2012-08-02,29.21,29.53,28.97,29.19,39520500
MSFT,MSFT,2012-08-03,29.53,29.94,29.48,29.75,35859400
MSFT,MSFT,2012-08-06,30.0,30.11,29.81,29.95,27471800
MSFT,MSFT,2012-08-07,30.07,30.35,29.87,30.26,28002900
MSFT,MSFT,2012-08-08,30.21,30.47,30.11,30.33,26257600
MSFT,MSFT,2012-08-09,30.39,30.65,30.3,30.5,24920800
MSFT,MSFT,2012-08-10,30.5,30.62,30.25,30.42,27810300
MSFT,MSFT,2012-08-13,30.35,30.46,30.16,30.39,23049100
MSFT,MSFT,2012-08-14,30.3,30.39,30.01,30.13,34551400
MSFT,MSFT,2012-08-15,30.11,30.28,30.02,30.2,24351000
MSFT,MSFT,2012-08-16,30.36,30.94,30.26,30.78,35787200
MSFT,MSFT,2012-08-17,30.92,30.92,30.59,30.9,32589900
MSFT,MSFT,2012-08-20,30.82,30.85,30.58,30.74,23737700
MSFT,MSFT,2012-08-21,30.76,30.96,30.61,30.8,28822700
MSFT,MSFT,2012-08-22,30.59,30.76,30.47,30.54,33437400
MSFT,MSFT,2012-08-23,30.39,30.4,30.08,30.26,28355600
MSFT,MSFT,2012-08-24,30.25,30.63,30.18,30.56,22943300
MSFT,MSFT,2012-08-27,30.93,30.96,30.59,30.69,34691100
MSFT,MSFT,2012-08-28,30.7,30.8,30.52,30.63,23947900
MSFT,MSFT,2012-08-29,30.65,30.75,30.44,30.65,23346800
MSFT,MSFT,2012-08-30,30.53,30.61,30.22,30.32,23982100
MSFT,MSFT,2012-08-31,30.6,30.96,30.38,30.82,36590100
MSFT,MSFT,2012-09-04,30.45,30.66,30.15,30.39,48556700
MSFT,MSFT,2012-09-05,30.22,30.53,30.21,30.39,33650000
MSFT,MSFT,2012-09-06,30.5,31.36,30.46,31.35,48371700
MSFT,MSFT,2012-09-07,31.04,31.07,30.73,30.95,42649100
MSFT,MSFT,2012-09-10,30.83,30.9,30.51,30.72,40524000
MSFT,MSFT,2012-09-11,30.69,30.91,30.61,30.79,25191800
MSFT,MSFT,2012-09-12,30.94,31.18,30.73,30.78,32775800
MSFT,MSFT,2012-09-13,30.89,31.18,30.4,30.94,45047300
MSFT,MSFT,2012-09-14,31.01,31.25,30.81,31.21,51422800
MSFT,MSFT,2012-09-17,31.19,31.26,31.04,31.21,36488500
MSFT,MSFT,2012-09-18,31.1,31.21,31.03,31.18,34542700
MSFT,MSFT,2012-09-19,31.09,31.19,31.04,31.05,48871900
MSFT,MSFT,2012-09-20,30.95,31.48,30.91,31.45,45543000
MSFT,MSFT,2012-09-21,31.43,31.61,31.09,31.19,102348900
MSFT,MSFT,2012-09-24,31.0,31.07,30.64,30.78,46825900
MSFT,MSFT,2012-09-25,30.95,31.0,30.36,30.39,54266400
MSFT,MSFT,2012-09-26,30.28,30.6,30.04,30.17,54672000
MSFT,MSFT,2012-09-27,30.17,30.4,29.89,30.16,47129900
MSFT,MSFT,2012-09-28,30.18,30.26,29.74,29.76,54229300
MSFT,MSFT,2012-10-01,29.81,29.98,29.42,29.49,54042700
MSFT,MSFT,2012-10-02,29.68,29.89,29.5,29.66,43338900
MSFT,MSFT,2012-10-03,29.75,29.99,29.67,29.86,46655900
MSFT,MSFT,2012-10-04,29.97,30.03,29.57,30.03,43634900
MSFT,MSFT,2012-10-05,30.23,30.25,29.74,29.85,41133900
MSFT,MSFT,2012-10-08,29.64,29.92,29.55,29.78,29752000
MSFT,MSFT,2012-10-09,29.68,29.74,29.18,29.28,45121100
MSFT,MSFT,2012-10-10,29.15,29.31,28.95,28.98,47227100
MSFT,MSFT,2012-10-11,29.22,29.25,28.87,28.95,41488500
MSFT,MSFT,2012-10-12,28.97,29.32,28.8,29.2,46464700
MSFT,MSFT,2012-10-15,29.37,29.72,29.25,29.51,42440200
MSFT,MSFT,2012-10-16,29.45,29.74,29.32,29.49,47739400
MSFT,MSFT,2012-10-17,29.3,29.64,29.09,29.59,44206100
MSFT,MSFT,2012-10-18,29.65,29.73,29.26,29.5,59238500
MSFT,MSFT,2012-10-19,29.05,29.08,28.5,28.64,90470800
MSFT,MSFT,2012-10-22,28.73,28.83,27.83,28.0,83374000
MSFT,MSFT,2012-10-23,27.77,28.2,27.76,28.05,64414800
MSFT,MSFT,2012-10-24,28.16,28.2,27.87,27.9,53320400
MSFT,MSFT,2012-10-25,28.19,28.2,27.86,27.88,54084300
MSFT,MSFT,2012-10-26,27.86,28.34,27.84,28.21,57790000
MSFT,MSFT,2012-10-31,28.55,28.88,28.5,28.54,69464100
MSFT,MSFT,2012-11-01,28.84,29.56,28.82,29.52,72047900
MSFT,MSFT,2012-11-02,29.59,29.77,29.33,29.5,57131600
MSFT,MSFT,2012-11-05,29.62,29.74,29.33,29.63,38070800
MSFT,MSFT,2012-11-06,29.82,30.2,29.61,29.86,43401500
MSFT,MSFT,2012-11-07,29.53,29.83,29.05,29.08,57871800
MSFT,MSFT,2012-11-08,29.12,29.37,28.8,28.81,49841800
MSFT,MSFT,2012-11-09,28.88,29.19,28.81,28.83,43291200
MSFT,MSFT,2012-11-12,28.94,29.01,28.21,28.22,61112300
MSFT,MSFT,2012-11-13,27.02,27.3,26.75,27.09,131689200
MSFT,MSFT,2012-11-14,27.24,27.29,26.8,26.84,76086100
MSFT,MSFT,2012-11-15,26.88,26.97,26.63,26.66,50955600
MSFT,MSFT,2012-11-16,26.67,26.7,26.34,26.52,64083300
MSFT,MSFT,2012-11-19,26.8,26.8,26.47,26.73,57179300
MSFT,MSFT,2012-11-20,26.76,26.8,26.46,26.71,47070400
MSFT,MSFT,2012-11-21,26.71,27.17,26.67,26.95,66360300
MSFT,MSFT,2012-11-23,27.23,27.77,27.2,27.7,57845700
MSFT,MSFT,2012-11-26,27.54,27.58,27.17,27.39,85198700
MSFT,MSFT,2012-11-27,27.36,27.38,27.04,27.08,45018600
MSFT,MSFT,2012-11-28,27.01,27.39,26.77,27.36,53018400
MSFT,MSFT,2012-11-29,27.11,27.36,26.86,26.95,69551400
MSFT,MSFT,2012-11-30,27.05,27.13,26.49,26.62,83690200
MSFT,MSFT,2012-12-03,26.78,26.82,26.4,26.43,53173800
MSFT,MSFT,2012-12-04,26.5,26.63,26.34,26.37,49777500
MSFT,MSFT,2012-12-05,26.38,26.93,26.26,26.67,68283800
MSFT,MSFT,2012-12-06,26.81,26.98,26.61,26.73,39182300
MSFT,MSFT,2012-12-07,26.82,26.82,26.37,26.46,46162100
MSFT,MSFT,2012-12-10,26.56,26.97,26.52,26.94,47031100
MSFT,MSFT,2012-12-11,27.05,27.49,27.05,27.32,52282800
MSFT,MSFT,2012-12-12,27.53,27.62,27.08,27.24,43966300
MSFT,MSFT,2012-12-13,27.32,27.52,26.95,27.11,45080100
MSFT,MSFT,2012-12-14,27.11,27.13,26.7,26.81,42077500
MSFT,MSFT,2012-12-17,26.79,27.22,26.68,27.1,42046100
MSFT,MSFT,2012-12-18,27.25,27.63,27.14,27.56,50486900
MSFT,MSFT,2012-12-19,27.69,27.73,27.25,27.31,53519900
MSFT,MSFT,2012-12-20,27.36,27.68,27.15,27.68,52607300
MSFT,MSFT,2012-12-21,27.45,27.49,27.0,27.45,98776500
MSFT,MSFT,2012-12-24,27.2,27.25,27.0,27.06,20842400
MSFT,MSFT,2012-12-26,27.03,27.2,26.7,26.86,31631100
MSFT,MSFT,2012-12-27,26.89,27.09,26.57,26.96,39394000
MSFT,MSFT,2012-12-28,26.71,26.9,26.55,26.55,28239900
MSFT,MSFT,2012-12-31,26.59,26.77,26.37,26.71,42749500
